{"features_means": [59.06979326225126, 12.363908130949214, 51.91060590985972, 120.48069843796637, 106.0359181441929, 43.115043011494805, 42.80636752561921, -319.19924113907996, 63.551567552267834, 114.4455266973372, 25.786463579245794, -9.707076543052404, 16.863702824484374, 27.509975643725333, 11.501967378560375, 0.08381150043477222, 10.441840114175188], "features_stds": [6.323304868216191, 3.012411111673328, 13.22474796551418, 30.172831517187912, 44.68064999410482, 32.82561098686439, 40.21648150678308, 156.30101558023944, 30.06933283347487, 38.32549037862773, 10.986833523894777, 29.02762037238117, 5.843894243004795, 10.181770047406497, 3.2249570807570107, 9.626768760973336, 3.4011130996189625]}