{"features_means": [61.89124385252148, 10.768377756575578, 40.142857142857146, 91.14285714285714, 133.25212639898137, 55.51264780413748, 33.77142857142857], "features_stds": [3.3928126361717035, 0.9257594871360078, 4.050699108216521, 2.099562636671296, 7.720682889444305, 3.58470084628664, 10.902255898366604]}