{"features_means": [59.06979326225126, 12.363908130949214, 51.91060590985972, 120.48069843796637, 106.0359181441929, 43.115043011494805], "features_stds": [6.323304868216191, 3.012411111673328, 13.22474796551418, 30.172831517187912, 44.68064999410482, 32.82561098686439]}